PlayerID,Name,Batting_Avg,Strike_Rate,Bowling_Avg,Economy_Rate,Performance,Current_Form_Index,Playing_Role
1,Babar_Azam,17.400000,61.702126,0.000000,0.000000,35.120850,0.380715,Batter
2,Shaheen_Afridi,0.000000,0.000000,10.100000,3.258065,3258.064453,0.001752,Bowler
3,Rashid_Khan,0.000000,0.000000,9.250000,3.363636,3363.636230,0.001964,Bowler
4,Virat_Kohli,17.250000,57.024796,0.000000,0.000000,33.159920,0.325183,Batter
5,Daren_Sammy,10.250000,69.491524,0.000000,0.000000,33.946609,0.482907,All-Rounder
6,Imran_Khan,15.000000,59.405941,0.000000,0.000000,32.762375,0.352907,All-Rounder
7,Wasim_Akram,0.000000,0.000000,8.875000,3.227273,3227.272705,0.001885,Bowler
8,Shoaib_Akhtar,0.000000,0.000000,10.375000,3.772727,3772.727295,0.002203,Bowler
