PlayerID,Name,Batting_Avg,Strike_Rate,Bowling_Avg,Economy_Rate,Performance,Current_Form_Index,Playing_Role
1,Babar_Azam,14.100000,55.731224,0.000000,0.000000,30.752489,0.310597,Batter
2,Shaheen_Afridi,0.000000,0.000000,11.529411,4.000000,3000.000000,0.002297,Bowler
3,Rashid_Khan,0.000000,0.000000,9.300000,3.795918,3795.918457,0.002565,Bowler
4,Virat_Kohli,16.444445,55.223881,0.000000,0.000000,31.956219,0.304968,Batter
5,Daren_Sammy,6.500000,61.320751,0.000000,0.000000,28.428301,0.376023,All-Rounder
6,Imran_Khan,12.400000,55.605381,0.000000,0.000000,29.682152,0.309196,All-Rounder
7,Wasim_Akram,0.000000,0.000000,8.500000,3.469388,3469.387695,0.002344,Bowler
8,Shoaib_Akhtar,0.000000,0.000000,12.588235,4.367347,3275.510010,0.002508,Bowler
